"parameter","value","dofv","dofv_from_minimum","warm_start"
"lcl",-7.44448056201445,6.4457390336172,6.49551855921892,TRUE
"lcl",-6.44448056201445,2.04944652914656,2.09922605474829,FALSE
"lcl",-5.94448056201445,0.488777539167245,0.538557064768966,FALSE
"lcl",-5.69448056201445,-0.027567069980762,0.0222124556209593,FALSE
"lcl",-5.54448056201445,-0.0497795256017213,0,FALSE
"lcl",-5.44448056201445,0,0.0497795256017213,FALSE
"lcl",-5.34448056201445,0.279334021262358,0.329113546864079,FALSE
"lcl",-5.19448056201445,0.70150921522216,0.751288740823881,FALSE
"lcl",-4.94448056201445,2.89745468715707,2.94723421275879,FALSE
"lcl",-4.44448056201445,12.2506875805757,12.3004671061774,TRUE
"lv",-0.197355745088638,7.39751639150759,7.39751639150759,TRUE
"lv",0.0526442549113623,2.31187121684444,2.31187121684444,TRUE
"lv",0.202644254911362,0.483547600239319,0.483547600239319,FALSE
"lv",0.302644254911362,0,0,FALSE
"lv",0.402644254911362,0.204809889368221,0.204809889368221,FALSE
"lv",0.552644254911362,2.00353549639297,2.00353549639297,TRUE
"lv",0.802644254911362,6.94146279976889,6.94146279976889,TRUE
"lkon",-8.0732869878519,-0.703490557374366,0,FALSE
"lkon",-7.0732869878519,-0.0134164570091571,0.690074100365209,FALSE
"lkon",-6.5732869878519,-0.146339483383443,0.557151073990923,FALSE
"lkon",-6.3232869878519,-0.101851698409362,0.601638858965003,FALSE
"lkon",-6.1732869878519,0.0807790368903909,0.784269594264757,FALSE
"lkon",-6.0732869878519,0,0.703490557374366,FALSE
"lkon",-5.9732869878519,-0.0837696517833422,0.619720905591024,FALSE
"lkon",-5.8232869878519,-0.00709897376644619,0.69639158360792,FALSE
"lkon",-5.5732869878519,0.0323401844419067,0.735830741816272,FALSE
"lkon",-5.0732869878519,0.0289428589884295,0.732433416362795,FALSE
"lkon",-4.0732869878519,0.124317821627727,0.827808379002093,TRUE
"lkoff",-9.36381032875502,7.94287631285268,7.99305623023511,FALSE
"lkoff",-8.86381032875502,1.62582110553669,1.67600102291912,FALSE
"lkoff",-8.61381032875502,0.363155933385585,0.413335850768021,FALSE
"lkoff",-8.46381032875502,-0.0501799173824367,0,FALSE
"lkoff",-8.36381032875502,0,0.0501799173824367,FALSE
"lkoff",-8.26381032875502,0.0644920557549398,0.114671973137376,FALSE
"lkoff",-8.11381032875502,0.483755549890788,0.533935467273224,FALSE
"lkoff",-7.86381032875502,1.35392851608574,1.40410843346818,TRUE
"lkoff",-7.36381032875502,3.48100886776484,3.53118878514728,FALSE
"lkoff",-6.36381032875502,6.87271185798642,6.92289177536885,FALSE
"lkdeg",-3.28878832446711,-0.700711791941401,0,FALSE
"lkdeg",-2.28878832446711,-0.0465270628592265,0.654184729082175,TRUE
"lkdeg",-1.78878832446711,-0.104049150988146,0.596662640953255,TRUE
"lkdeg",-1.53878832446711,0.0551486251070799,0.755860417048481,FALSE
"lkdeg",-1.38878832446711,-0.0244325585023262,0.676279233439075,FALSE
"lkdeg",-1.28878832446711,0,0.700711791941401,FALSE
"lkdeg",-1.18878832446711,0.0101667699600512,0.710878561901453,FALSE
"lkdeg",-1.03878832446711,-0.0631728339936615,0.63753895794774,FALSE
"lkdeg",-0.788788324467113,-0.092326886467589,0.608384905473812,FALSE
"lkdeg",-0.288788324467113,0.0454012507256181,0.746113042667019,FALSE
"lkdeg",0.711211675532887,0.00356285970730141,0.704274651648703,FALSE
"lr0",-0.993183865108723,0.475024967078966,0.732776415631889,FALSE
"lr0",0.00681613489127697,0.619747120433203,0.877498568986127,TRUE
"lr0",0.506816134891277,0.3597430870214,0.617494535574323,FALSE
"lr0",0.756816134891277,0.0188952112139447,0.276646659766868,FALSE
"lr0",0.906816134891277,-0.0442698511789104,0.213481597374013,FALSE
"lr0",1.00681613489128,0,0.257751448552924,FALSE
"lr0",1.10681613489128,-0.0956407484583934,0.16211070009453,FALSE
"lr0",1.25681613489128,-0.118877208131124,0.138874240421799,FALSE
"lr0",1.50681613489128,-0.169479015584301,0.0882724329686226,FALSE
"lr0",2.00681613489128,-0.216945768971698,0.0408056795812257,FALSE
"lr0",3.00681613489128,-0.257751448552924,0,FALSE
"lkint",-14.2548481925628,-0.127420060976945,0,FALSE
"lkint",-13.2548481925628,-0.0998825726643275,0.0275374883126176,FALSE
"lkint",-12.7548481925628,-0.0995552719650732,0.0278647890118719,FALSE
"lkint",-12.5048481925628,-0.0967386305587468,0.0306814304181984,FALSE
"lkint",-12.3548481925628,-0.0329953693486686,0.0944246916282765,FALSE
"lkint",-12.2548481925628,0,0.127420060976945,FALSE
"lkint",-12.1548481925628,-0.0811037463372628,0.0463163146396823,FALSE
"lkint",-12.0048481925628,-0.0737286141795011,0.0536914467974441,FALSE
"lkint",-11.7548481925628,-0.0615754601844287,0.0658446007925164,FALSE
"lkint",-11.2548481925628,-0.0216775951927275,0.105742465784218,FALSE
"lkint",-10.2548481925628,0.05527790517678,0.182697966153725,FALSE
